"Qty";"Value";"Device";"Package";"Parts";"Description";"";
"4";"2.2k";"R-US_0204/7";"0204/7";"R1, R2, R3, R4";"RESISTOR, American symbol";"";
"5";"PHOENIX_CONTACT_1758018";"PHOENIX_CONTACT_1758018";"PHOENIX_CONTACT_1758018";"GND, I2C1_OUT, I2C2_OUT, PWR_BUT, PWR_ENABLE";"";"";
"1";"POLOLU_LOGIC_SHIFTERPOLOLU";"POLOLU_LOGIC_SHIFTERPOLOLU";"POLOLU_LOGIC_SHIFTER";"SHIFTER1";"Logic Level Shifter, 4-Channel, Bidirectional";"";
"1";"SPARKFUN_BEAGLE_BONE_BLACK_CAPE";"SPARKFUN_BEAGLE_BONE_BLACK_CAPE";"BEAGLE_BONE_BLACK_CAPE";"B1";"BeagleBone Black Rev C Cape";"";
